Title,Company,Link
"Senior Open Source Developer & DevOps (Python, Django, React, AWS/OpenStack)",OpenCraft,https://weworkremotely.com/remote-jobs/opencraft-senior-open-source-developer-devops-python-django-react-aws-openstack
Senior Fullstack Developer (Python & Vue.js),Assemble Digital,https://weworkremotely.com/remote-jobs/assemble-digital-senior-fullstack-developer-python-vue-js
Python Developer,RemoteMore,https://weworkremotely.com/remote-jobs/remotemore-python-developer-3
(Senior) Python Full Stack Software Developer,Optimile,https://weworkremotely.com/remote-jobs/optimile-senior-python-full-stack-software-developer
Senior Backend Engineer - Python,"TheoremOne, LLC",https://weworkremotely.com/remote-jobs/theoremone-llc-senior-backend-engineer-python
Senior Python Back-End Engineer,Synergy Sports,https://weworkremotely.com/remote-jobs/synergy-sports-senior-python-back-end-engineer
Python Mid Senior Engineer Django REST FastAPI at awesome SaaS,"Lead Sherpa, Inc.",https://weworkremotely.com/remote-jobs/lead-sherpa-inc-python-mid-senior-engineer-django-rest-fastapi-at-awesome-saas-1
Python Developer - Remote,"Upstack Technologies, Inc.",https://weworkremotely.com/remote-jobs/upstack-technologies-inc-python-developer-remote
Senior Python Developer - Full Remote ,Ebury,https://weworkremotely.com/remote-jobs/ebury-senior-python-developer-full-remote
Python Web Scraping Engineer (Remote),Shake,https://weworkremotely.com/remote-jobs/shake-python-web-scraping-engineer-remote
Python Developer,X-Team,https://weworkremotely.com/remote-jobs/x-team-python-developer-2
Python Platform Engineer,Doximity,https://weworkremotely.com/remote-jobs/doximity-python-platform-engineer
Data Mentor (Part-time),Pathrise,https://www.indeed.com/rc/clk?jk=1ca4abef538dab27&fccid=ae6e171391e978d5&vjs=3
Sr. Python Software Engineer (100% Remote),Piper Companies,https://www.indeed.com/rc/clk?jk=4c4d52c9a431f50f&fccid=fc68da685e8aa986&vjs=3
Software Development (All Levels),Insurity,https://www.indeed.com/rc/clk?jk=676599852a737304&fccid=808107f935280e38&vjs=3
"Junior Technical Support, Python (Remote)",INTEL 471,https://www.indeed.com/rc/clk?jk=3c71c4a62fdf588c&fccid=24540afa0489b40e&vjs=3
Cloud Support Associate,"Amazon Web Services, Inc.",https://www.indeed.com/rc/clk?jk=2105d8a5281696df&fccid=5cc0cdc6dbb121cc&vjs=3
Data Analyst (Python),Qcentrio,https://www.indeed.com/rc/clk?jk=d1218a12442b5c05&fccid=177fabeae07a3025&vjs=3
"Scheduling Analyst, Ring Customer Support",Amazon.com Services LLC,https://www.indeed.com/rc/clk?jk=721fb8353d930965&fccid=fe2d21eef233e94a&vjs=3
Python Backend Developer,Talent500,https://www.indeed.com/company/Gettr/jobs/Python-Backend-Developer-acd2b8c64cdda240?fccid=26fe44ce1c2f5b6f&vjs=3
Automation Test Engineer,Talent500,https://www.indeed.com/company/Gettr/jobs/Automation-Test-Engineer-54492ad03dfd28f8?fccid=26fe44ce1c2f5b6f&vjs=3
Python Developer,Paktolus,https://www.indeed.com/rc/clk?jk=df1cce3cc988f374&fccid=3095e1b2ada9dd27&vjs=3
Business Analyst (Entry Level),Agama Solutions,https://www.indeed.com/rc/clk?jk=7a2f9cc2cc982a1e&fccid=db130263a2af3230&vjs=3
Junior Software Engineer,Xometry Inc,https://www.indeed.com/rc/clk?jk=e40d2e8113063ace&fccid=ff53a59bcc9cb7fd&vjs=3
"Python Developer (Django, AWS, REST, SOAP, MongoDB)",Irisidea TechSolutions Pvt Ltd,https://www.indeed.com/rc/clk?jk=72910d120a1a87ce&fccid=7c35992d726056dc&vjs=3
Entry Level Business Analyst,Agama Solutions,https://www.indeed.com/rc/clk?jk=51b776c58cc9ecda&fccid=db130263a2af3230&vjs=3
"Senior Python Engineer (Europe, Remote)",INTEL 471,https://www.indeed.com/rc/clk?jk=dbe4106a2ab08084&fccid=24540afa0489b40e&vjs=3
Manager Quality Assurance Wavelo,Tucows ,https://remoteok.com/remote-jobs/110895-remote-manager-qa-wavelo-tucows
Destiny Senior VFX Artist,Bungie ,https://remoteok.com/remote-jobs/110968-remote-destiny-senior-vfx-artist-bungie
Senior Front End Engineer,Atlas Health ,https://remoteok.com/remote-jobs/110947-remote-senior-frontend-engineer-atlas-health
Head Of Software Engineering,Column Software PBC ,https://remoteok.com/remote-jobs/110922-remote-head-of-software-engineering-column-software-pbc
Anti Fraud Data Science Manager,Sendwave ,https://remoteok.com/remote-jobs/110852-remote-anti-fraud-data-science-manager-sendwave
Senior Android Engineer,Sendwave ,https://remoteok.com/remote-jobs/110851-remote-senior-android-engineer-sendwave
Senior iOS Engineer,Sendwave ,https://remoteok.com/remote-jobs/110849-remote-senior-ios-engineer-sendwave
Senior Full Stack Developer,Commit ,https://remoteok.com/remote-jobs/110451-remote-senior-full-stack-developer-commit
Software Engineer,Koffie Labs ,https://remoteok.com/remote-jobs/110442-remote-software-engineer-koffie-labs
Support Engineering Manager,Foursquare ,https://remoteok.com/remote-jobs/110935-remote-support-engineering-manager-foursquare
System Architect,Tucows ,https://remoteok.com/remote-jobs/110824-remote-system-architect-tucows
Backend Engineer,FINN ,https://remoteok.com/remote-jobs/110808-remote-backend-engineer-finn
Backend Engineer,Basket ,https://remoteok.com/remote-jobs/110747-remote-backend-engineer-basket
Front End Engineering Manager,Close ,https://remoteok.com/remote-jobs/110720-remote-frontend-engineering-manager-close
Software Engineer JavaScript,Doximity ,https://remoteok.com/remote-jobs/110704-remote-software-engineer-javascript-doximity
Backend Engineering Manager,Close ,https://remoteok.com/remote-jobs/110676-remote-backend-engineering-manager-close
Senior Software Development Engineer Test,RDX Works ,https://remoteok.com/remote-jobs/110653-remote-senior-software-development-engineer-test-rdx-works
Senior Product Engineer,PartnerSlate  ,https://remoteok.com/remote-jobs/110603-remote-senior-product-engineer-partnerslate
Full Stack Developer,DAOHQ ,https://remoteok.com/remote-jobs/110572-remote-full-stack-developer-daohq
Database Administrator,2am. technologies ,https://remoteok.com/remote-jobs/110545-remote-database-administrator-2am-technologies
Senior Full Stack Developer,Commit ,https://remoteok.com/remote-jobs/110140-remote-senior-full-stack-developer-commit
AI Engineer,Sticker Mule ,https://remoteok.com/remote-jobs/107207-remote-ai-engineer-sticker-mule
Senior Systems Administrator,Framestore ,https://remoteok.com/remote-jobs/110874-remote-senior-systems-administrator-framestore
Full Stack Senior Software Engineer,Mavrck ,https://remoteok.com/remote-jobs/110754-remote-full-stack-senior-software-engineer-mavrck
Software Engineer Golang Python Android Anbox Cloud,Canonical - Jobs ,https://remoteok.com/remote-jobs/110748-remote-software-engineer-golang-python-android-anbox-cloud-canonical-jobs
Developer Advocate,Bytewax ,https://remoteok.com/remote-jobs/110498-remote-developer-advocate-bytewax
Data Analyst,SafetyWing ,https://remoteok.com/remote-jobs/110482-remote-data-analyst-safetywing
Senior Data Engineer,Doximity ,https://remoteok.com/remote-jobs/110437-remote-senior-data-engineer-doximity
Engineer Test,Wavelo ,https://remoteok.com/remote-jobs/110403-remote-engineer-test-wavelo
Senior Quality Assurance Automation Engineer,RDX Works ,https://remoteok.com/remote-jobs/110339-remote-senior-qa-automation-engineer-rdx-works
Full Stack Software Engineer,Rephonic ,https://remoteok.com/remote-jobs/110323-remote-full-stack-software-engineer-rephonic
Senior Staff Front End Engineer React,Close ,https://remoteok.com/remote-jobs/110282-remote-senior-staff-frontend-engineer-react-close
Senior Software Engineer,Wavelo ,https://remoteok.com/remote-jobs/110262-remote-senior-software-engineer-wavelo
Senior Software Engineer,Wavelo ,https://remoteok.com/remote-jobs/110242-remote-senior-software-engineer-wavelo
Software Engineer,RightNow Group ,https://remoteok.com/remote-jobs/110197-remote-software-engineer-rightnow-group
Senior Backend Engineer,Basepaws ,https://remoteok.com/remote-jobs/110190-remote-senior-backend-engineer-basepaws
Senior Front End Engineer,Beyond ,https://remoteok.com/remote-jobs/110165-remote-senior-frontend-engineer-beyond
Full Stack Engineer,Seam ,https://remoteok.com/remote-jobs/110075-remote-full-stack-engineer-seam
Senior Python Developer,ReadyTal ,https://remoteok.com/remote-jobs/110044-remote-senior-python-developer-readytal
Intermediate Senior Full Stack Developer,ReadyTal ,https://remoteok.com/remote-jobs/110042-remote-intermediate-senior-full-stack-developer-readytal
Front End Engineer,Telicent ,https://remoteok.com/remote-jobs/110036-remote-front-end-engineer-telicent
Full Stack Developer,DCMN ,https://remoteok.com/remote-jobs/109972-remote-full-stack-developer-dcmn
Senior Full Stack Engineer,Get DUCK ,https://remoteok.com/remote-jobs/109956-remote-senior-full-stack-engineer-get-duck
Python Developer,Ampcontrol.io ,https://remoteok.com/remote-jobs/109950-remote-python-developer-ampcontrol-io
Senior Data Analyst,Komoot ,https://remoteok.com/remote-jobs/109888-remote-senior-data-analyst-komoot
Sdet,RDX Works ,https://remoteok.com/remote-jobs/109881-remote-sdet-rdx-works
DevOps Engineer,RDX Works ,https://remoteok.com/remote-jobs/109879-remote-devops-engineer-rdx-works
Regional Development Support Team Lead,Aspose ,https://remoteok.com/remote-jobs/109861-remote-regional-development-support-team-lead-aspose
Security Engineer,Sticker Mule ,https://remoteok.com/remote-jobs/109850-remote-security-engineer-sticker-mule
Database Reliability Engineer,Wavelo ,https://remoteok.com/remote-jobs/109841-remote-database-reliability-engineer-wavelo
Senior Front End Developer,Lolly Co ,https://remoteok.com/remote-jobs/109839-remote-senior-front-end-developer-lolly-co
Data Analytics Manager,Doximity ,https://remoteok.com/remote-jobs/109823-remote-data-analytics-manager-doximity
Software Engineer,Koffie Insurance ,https://remoteok.com/remote-jobs/109795-remote-software-engineer-koffie-insurance
Web Developer Python and Django,Direct Online Services ,https://remoteok.com/remote-jobs/109777-remote-web-developer-python-and-django-direct-online-services
Senior Data Science Writer,NannyML ,https://remoteok.com/remote-jobs/109741-remote-senior-data-science-writer-nannyml
Site Reliability Engineer,Close ,https://remoteok.com/remote-jobs/109669-remote-site-reliability-engineer-close
Senior Full Stack Engineer,Commit ,https://remoteok.com/remote-jobs/109525-remote-senior-full-stack-engineer-commit
Senior Python Engineer,Clevertech ,https://remoteok.com/remote-jobs/109478-remote-senior-python-engineer-clevertech
Systems Engineer Redis Specialist,Wavelo ,https://remoteok.com/remote-jobs/109427-remote-systems-engineer-redis-specialist-wavelo
Go React Native Docker Senior Developer,SipScience ,https://remoteok.com/remote-jobs/109336-remote-go-react-native-docker-senior-developer-sipscience
Front End Tech Lead,Mote ,https://remoteok.com/remote-jobs/109335-remote-front-end-tech-lead-mote
Senior Backend Engineer,ClassPass ,https://remoteok.com/remote-jobs/109315-remote-senior-backend-engineer-classpass
Lead Data Engineer,CreditBook ,https://remoteok.com/remote-jobs/109180-remote-lead-data-engineer-creditbook
Python Developer,Ampcontrol.io ,https://remoteok.com/remote-jobs/109109-remote-python-developer-ampcontrol-io
Customer Success Engineer,SerpApi ,https://remoteok.com/remote-jobs/109092-remote-customer-success-engineer-serpapi
Sales Engineer,SerpApi ,https://remoteok.com/remote-jobs/109091-remote-sales-engineer-serpapi
Senior Developer Back and Front End,Steadily ,https://remoteok.com/remote-jobs/109065-remote-senior-developer-back-and-frontend-steadily
Accounting Analyst,Luxor Technology ,https://remoteok.com/remote-jobs/108922-remote-accounting-analyst-luxor-technology
Senior Data Analyst,Komoot ,https://remoteok.com/remote-jobs/108914-remote-senior-data-analyst-komoot
Senior Cloud Security Engineer,Komoot ,https://remoteok.com/remote-jobs/108912-remote-senior-cloud-security-engineer-komoot
Senior Full Stack Developer,Stensul ,https://remoteok.com/remote-jobs/108676-remote-senior-full-stack-developer-stensul
Senior Full Stack Engineer,Prixview ,https://remoteok.com/remote-jobs/108600-remote-senior-full-stack-engineer-prixview
First Product Analyst,Fathom ,https://remoteok.com/remote-jobs/108557-remote-first-product-analyst-fathom
Senior Software Engineer,Nuvocargo ,https://remoteok.com/remote-jobs/108513-remote-senior-software-engineer-nuvocargo
Senior Software Engineer Smart Home Integration,OhmConnect ,https://remoteok.com/remote-jobs/108503-remote-senior-software-engineer-smart-home-integration-ohmconnect
Senior Software Engineer,OhmConnect ,https://remoteok.com/remote-jobs/108501-remote-senior-software-engineer-ohmconnect
DevOps Engineer,Mynd ,https://remoteok.com/remote-jobs/108490-remote-devops-engineer-mynd
Senior Python Developer,Laskie ,https://remoteok.com/remote-jobs/108485-remote-senior-python-developer-laskie
Senior Software Engineer,Darwin Homes ,https://remoteok.com/remote-jobs/108484-remote-senior-software-engineer-darwin-homes
Senior Backend Engineer,Tesorio ,https://remoteok.com/remote-jobs/108483-remote-senior-backend-engineer-tesorio
Senior Software Engineer,Civiqs ,https://remoteok.com/remote-jobs/108410-remote-senior-software-engineer-civiqs
Software Development Engineer,Civiqs ,https://remoteok.com/remote-jobs/108409-remote-software-development-engineer-civiqs
Senior Front End Developer,Lolly Co ,https://remoteok.com/remote-jobs/108381-remote-senior-frontend-developer-lolly-co
Senior Front End Developer,Hyperlab AB ,https://remoteok.com/remote-jobs/108380-remote-senior-frontend-developer-hyperlab-ab
Quality Assurance Automation Engineer,Indeed ,https://remoteok.com/remote-jobs/108364-remote-quality-assurance-automation-engineer-indeed
Security Analyst for Infected Websites,Defiant ,https://remoteok.com/remote-jobs/108339-remote-security-analyst-for-infected-websites-defiant
Software Developer,ETFLogic ,https://remoteok.com/remote-jobs/108329-remote-software-developer-etflogic
Senior Backend Engineer Django Python,Datapane ,https://remoteok.com/remote-jobs/108204-remote-senior-backend-engineer-django-python-datapane
Junior Mid Front End Developer,Archilyse AG ,https://remoteok.com/remote-jobs/108199-remote-junior-mid-frontend-developer-archilyse-ag
Platform Infrastructure Engineer,Solar Monkey ,https://remoteok.com/remote-jobs/108129-remote-platform-infrastructure-engineer-solar-monkey
Senior Python Engineer,Clevertech ,https://remoteok.com/remote-jobs/108116-remote-senior-python-engineer-clevertech
Lead Back End Developer,Arcarta ,https://remoteok.com/remote-jobs/108110-remote-lead-back-end-developer-arcarta
Senior Software Engineer,Simple Poll ,https://remoteok.com/remote-jobs/108027-remote-senior-software-engineer-simple-poll
Senior Software Engineer Front End,Juni ,https://remoteok.com/remote-jobs/108000-remote-senior-software-engineer-frontend-juni
Senior Software Engineer,Darwin Homes ,https://remoteok.com/remote-jobs/107943-remote-senior-software-engineer-darwin-homes
Senior DevOps Engineer,DataKitchen ,https://remoteok.com/remote-jobs/107932-remote-senior-devops-engineer-datakitchen
Senior Backend Engineer,MomentRanks ,https://remoteok.com/remote-jobs/107912-remote-senior-backend-engineer-momentranks
Python Developer,Ampcontrol.io ,https://remoteok.com/remote-jobs/107910-remote-python-developer-ampcontrol-io
Director of Engineering,Woven ,https://remoteok.com/remote-jobs/107907-remote-director-of-engineering-woven
Devsecops Engineer,SureSwift Capital ,https://remoteok.com/remote-jobs/107893-remote-devsecops-engineer-sureswift-capital
Senior Software Engineer API,Athenian ,https://remoteok.com/remote-jobs/107864-remote-senior-software-engineer-api-athenian
Python Developer,Laskie ,https://remoteok.com/remote-jobs/107845-remote-python-developer-laskie
Senior DevOps Engineer,Laskie ,https://remoteok.com/remote-jobs/107840-remote-senior-devops-engineer-laskie
Backend Developer,Aider ,https://remoteok.com/remote-jobs/107792-remote-backend-developer-aider
Senior Data Engineer,ReadyTal ,https://remoteok.com/remote-jobs/107704-remote-senior-data-engineer-readytal
Senior Developer Fellowship,Commit ,https://remoteok.com/remote-jobs/107681-remote-senior-dev-fellowship-commit
Platform Product Manager,Emi Labs ,https://remoteok.com/remote-jobs/107652-remote-platform-product-manager-emi-labs
Senior Backend Developer,Solar Monkey ,https://remoteok.com/remote-jobs/107644-remote-senior-backend-developer-solar-monkey
PHP API Developer,SaaS Industries GmbH ,https://remoteok.com/remote-jobs/107631-remote-php-api-developer-saas-industries-gmbh
Senior Python Developer,Toptal ,https://remoteok.com/remote-jobs/107564-remote-senior-python-developer-toptal
Internal Tools Engineer,NOCD ,https://remoteok.com/remote-jobs/107536-remote-internal-tools-engineer-nocd
Senior Backend Engineer,Intent Technologies ,https://remoteok.com/remote-jobs/107519-remote-senior-backend-engineer-intent-technologies
Software Engineer,GeoComm ,https://remoteok.com/remote-jobs/107493-remote-software-engineer-geocomm
Python Developer,Ampcontrol.io ,https://remoteok.com/remote-jobs/107426-remote-python-developer-ampcontrol-io
Front End React Developer,Ampcontrol.io ,https://remoteok.com/remote-jobs/107425-remote-frontend-react-developer-ampcontrol-io
Senior DevOps Engineer,Laskie ,https://remoteok.com/remote-jobs/107368-remote-senior-devops-engineer-laskie
Senior Python Developer,Laskie ,https://remoteok.com/remote-jobs/107367-remote-senior-python-developer-laskie
Full Stack Developer,Brenger ,https://remoteok.com/remote-jobs/107362-remote-full-stack-developer-brenger
Tech Lead Govtech,CitizenLab ,https://remoteok.com/remote-jobs/107355-remote-tech-lead-govtech-citizenlab
Senior Full Stack Developer,ReadyTal ,https://remoteok.com/remote-jobs/107209-remote-senior-full-stack-developer-readytal
Senior Data Engineer,Tribes.AI ,https://remoteok.com/remote-jobs/107199-remote-senior-data-engineer-tribes-ai
Full Stack Software Engineer,Prominent Edge ,https://remoteok.com/remote-jobs/107096-remote-full-stack-software-engineer-prominent-edge
Software Development Engineer IV Tech Lead,ID.me ,https://remoteok.com/remote-jobs/107108-remote-software-development-engineer-iv-tech-lead-id-me
Data Analytics Manager,Doximity ,https://remoteok.com/remote-jobs/107099-remote-data-analytics-manager-doximity
Front End Engineer,Honu AI ,https://remoteok.com/remote-jobs/107093-remote-front-end-engineer-honu-ai
Senior DevOps Engineer Platform,Doximity ,https://remoteok.com/remote-jobs/107065-remote-senior-devops-engineer-platform-doximity
Software Engineer Android,Doximity ,https://remoteok.com/remote-jobs/107062-remote-software-engineer-android-doximity
Sr Software Engineer Data Platform,Doximity ,https://remoteok.com/remote-jobs/107061-remote-sr-software-engineer-data-platform-doximity
Site Reliability Engineer,Doximity ,https://remoteok.com/remote-jobs/107059-remote-site-reliability-engineer-doximity
Data Engineer Data Integration,Doximity ,https://remoteok.com/remote-jobs/107057-remote-data-engineer-data-integration-doximity
Sr Software Engineer Data Infrastructure,Doximity ,https://remoteok.com/remote-jobs/107056-remote-sr-software-engineer-data-infrastructure-doximity
Senior Data Analyst,Komoot ,https://remoteok.com/remote-jobs/107049-remote-senior-data-analyst-komoot
Senior Data Scientist,Komoot ,https://remoteok.com/remote-jobs/107047-remote-senior-data-scientist-komoot
Senior Cloud Security Engineer,Komoot ,https://remoteok.com/remote-jobs/107046-remote-senior-cloud-security-engineer-komoot
CTO Head of Engineering,kollect.me ,https://remoteok.com/remote-jobs/107033-remote-cto-head-of-engineering-kollect-me
Full Stack Developer,AML Software ,https://remoteok.com/remote-jobs/107002-remote-full-stack-developer-aml-software
Software Engineer,Honu AI ,https://remoteok.com/remote-jobs/107001-remote-software-engineer-honu-ai
Full Stack Developer,Raketech Group ,https://remoteok.com/remote-jobs/106973-remote-full-stack-developer-raketech-group
Technical Support Engineer,Cloudflare ,https://remoteok.com/remote-jobs/106962-remote-technical-support-engineer-cloudflare
Software Engineer Backend,bit.io ,https://remoteok.com/remote-jobs/106961-remote-software-engineer-backend-bit-io
Senior Backend Python Developer,Laskie ,https://remoteok.com/remote-jobs/106934-remote-senior-backend-python-developer-laskie
Senior Rust Engineer,Qredo ,https://remoteok.com/remote-jobs/106923-remote-senior-rust-engineer-qredo
Machine Learning Engineer for Large Scale ML Project,OneSecondDelivery ,https://remoteok.com/remote-jobs/106921-remote-machine-learning-engineer-for-large-scale-ml-project-oneseconddelivery
Senior Python Engineer,Qredo ,https://remoteok.com/remote-jobs/106876-remote-senior-python-engineer-qredo
Front End React Developer,Ampcontrol.io ,https://remoteok.com/remote-jobs/106873-remote-frontend-react-developer-ampcontrol-io
Sr Data Scientist Custom Text Search,Clevertech ,https://remoteok.com/remote-jobs/106868-remote-sr-data-scientist-custom-text-search-clevertech
Senior Infrastructure Engineer,IRL ,https://remoteok.com/remote-jobs/106847-remote-senior-infrastructure-engineer-irl
Machine Learning Engineer,Carted ,https://remoteok.com/remote-jobs/106824-remote-machine-learning-engineer-carted
Full Stack Engineer,YourStake ,https://remoteok.com/remote-jobs/106774-remote-full-stack-engineer-yourstake
Site Reliability Engineer,Giant Swarm ,https://remoteok.com/remote-jobs/106746-remote-site-reliability-engineer-giant-swarm
Senior Software Engineer,Harness Network ,https://remoteok.com/remote-jobs/106721-remote-senior-software-engineer-harness-network
Senior Python Developer,Theme Analytics ,https://remoteok.com/remote-jobs/106691-remote-senior-python-developer-theme-analytics
Senior Software Developer,Steadily ,https://remoteok.com/remote-jobs/106620-remote-senior-software-developer-steadily
Full Stack Software Developer,Art+Logic ,https://remoteok.com/remote-jobs/106607-remote-full-stack-software-developer-art-logic
Site Reliability Engineer,commercetools ,https://remoteok.com/remote-jobs/106555-remote-site-reliability-engineer-commercetools
Tech Lead Photography SaaS Scale Up,GotPhoto ,https://remoteok.com/remote-jobs/106554-remote-tech-lead-photography-saas-scale-up-gotphoto
Senior Front End Engineer,HTTPie ,https://remoteok.com/remote-jobs/106553-remote-senior-frontend-engineer-httpie
Senior Fullstack Engineer,Athelas ,https://remoteok.com/remote-jobs/106521-remote-senior-fullstack-engineer-athelas
Backend Engineer Autopilot AI Tooling,Tesla ,https://remoteok.com/remote-jobs/106448-remote-backend-engineer-autopilot-ai-tooling-tesla
Senior Software Engineer,Tucows ,https://remoteok.com/remote-jobs/106398-remote-senior-software-engineer-tucows
Perl Software Developer,Tucows ,https://remoteok.com/remote-jobs/106397-remote-perl-software-developer-tucows
Senior Fullstack Engineer,HTTPie ,https://remoteok.com/remote-jobs/106300-remote-senior-fullstack-engineer-httpie
Security Engineer,Argyle ,https://remoteok.com/remote-jobs/106289-remote-security-engineer-argyle
Senior Ruby on Rails Engineer,"GoGrow, Inc. ",https://remoteok.com/remote-jobs/106181-remote-senior-ruby-on-rails-engineer-gogrow-inc
Software Engineer,Capchase ,https://remoteok.com/remote-jobs/106179-remote-software-engineer-capchase
Python Developer,2amigos Consulting Group ,https://remoteok.com/remote-jobs/106172-remote-python-developer-2amigos-consulting-group
Senior PHP Developer,TrafficMate ,https://remoteok.com/remote-jobs/106162-remote-senior-php-developer-trafficmate
Systems Engineer Kafka Specialist,Tucows ,https://remoteok.com/remote-jobs/106148-remote-systems-engineer-kafka-specialist-tucows
Senior Full Stack Engineer,Hatchways ,https://remoteok.com/remote-jobs/106146-remote-senior-full-stack-engineer-hatchways
Technical Writer,Ethyca ,https://remoteok.com/remote-jobs/106144-remote-technical-writer-ethyca
Software Engineer Infrastructure,AlphaSights ,https://remoteok.com/remote-jobs/106135-remote-software-engineer-infrastructure-alphasights
Python Team Lead Software Engineer,Tucows ,https://remoteok.com/remote-jobs/106133-remote-python-team-lead-software-engineer-tucows
VP of Engineering,CareValidate ,https://remoteok.com/remote-jobs/106117-remote-vp-of-engineering-carevalidate
Senior Front End Engineer Perception,Labelbox ,https://remoteok.com/remote-jobs/106068-remote-senior-frontend-engineer-perception-labelbox
Full Stack Clojure Engineer,Lumanu ,https://remoteok.com/remote-jobs/106043-remote-full-stack-clojure-engineer-lumanu
Full Stack Developer,Gower St ,https://remoteok.com/remote-jobs/106035-remote-full-stack-developer-gower-st
Python Developer,Ampcontrol ,https://remoteok.com/remote-jobs/106033-remote-python-developer-ampcontrol
Senior Fullstack Developer,SellerLot ,https://remoteok.com/remote-jobs/106029-remote-senior-fullstack-developer-sellerlot
Product Manager,Real Vision ,https://remoteok.com/remote-jobs/105968-remote-product-manager-real-vision
Lead Engineer Full Stack,Keen ,https://remoteok.com/remote-jobs/105964-remote-lead-engineer-full-stack-keen
Mobile Engineer,Somus OÜ ,https://remoteok.com/remote-jobs/105963-remote-mobile-engineer-somus-ou
Python Engineer,Somus OÜ ,https://remoteok.com/remote-jobs/105943-remote-python-engineer-somus-ou
Senior Full Stack Engineer,Rosemary Health ,https://remoteok.com/remote-jobs/105932-remote-senior-full-stack-engineer-rosemary-health
DevOps Engineer,Tucows ,https://remoteok.com/remote-jobs/105928-remote-devops-engineer-tucows
Fullstack Tools Developer,Turbulent ,https://remoteok.com/remote-jobs/105917-remote-fullstack-tools-developer-turbulent
Senior Software Engineer,Tucows ,https://remoteok.com/remote-jobs/105913-remote-senior-software-engineer-tucows
Systems Engineer,Tucows ,https://remoteok.com/remote-jobs/105911-remote-systems-engineer-tucows
Intermediate DevOps Engineer,Tucows ,https://remoteok.com/remote-jobs/105910-remote-intermediate-devops-engineer-tucows
Full Stack Engineer,Real Vision ,https://remoteok.com/remote-jobs/105894-remote-full-stack-engineer-real-vision
Senior Data Engineer 100,Remotesome ,https://remoteok.com/remote-jobs/105836-remote-senior-data-engineer-100-remotesome
Perl Software Developer,Tucows ,https://remoteok.com/remote-jobs/105824-remote-perl-software-developer-tucows
Senior Software Engineer,Tucows ,https://remoteok.com/remote-jobs/105823-remote-senior-software-engineer-tucows
Software Engineer,Tucows ,https://remoteok.com/remote-jobs/105822-remote-software-engineer-tucows
Tech Lead Senior Startup Engineer Fellowship,Commit ,https://remoteok.com/remote-jobs/105798-remote-tech-lead-senior-startup-engineer-fellowship-commit
Senior DevOps Engineer,Laskie ,https://remoteok.com/remote-jobs/105782-remote-senior-devops-engineer-laskie
Senior Backend Python Developer,Laskie ,https://remoteok.com/remote-jobs/105780-remote-senior-backend-python-developer-laskie
System Administrator,IVPN ,https://remoteok.com/remote-jobs/105775-remote-system-administrator-ivpn
Software Engineer,Cash Flow Portal ,https://remoteok.com/remote-jobs/105770-remote-software-engineer-cash-flow-portal
Senior Software Engineer,UpLift ,https://remoteok.com/remote-jobs/105729-remote-senior-software-engineer-uplift
Lead Backend Engineer,Koia ,https://remoteok.com/remote-jobs/105718-remote-lead-backend-engineer-koia
Senior Software Engineer Platform,Doximity ,https://remoteok.com/remote-jobs/105704-remote-senior-software-engineer-platform-doximity
Senior Site Reliability Engineer,Laskie ,https://remoteok.com/remote-jobs/105665-remote-senior-site-reliability-engineer-laskie
Senior Backend Engineer,Feather ,https://remoteok.com/remote-jobs/105650-remote-senior-backend-engineer-feather
Senior Front End Engineer React,Close ,https://remoteok.com/remote-jobs/105620-remote-senior-frontend-engineer-react-close
Software Engineer,Hades ,https://remoteok.com/remote-jobs/105618-remote-software-engineer-hades
Software Engineer,Reincubate ,https://remoteok.com/remote-jobs/105609-remote-software-engineer-reincubate
Senior Full Stack Software Engineer,Tucows ,https://remoteok.com/remote-jobs/105592-remote-senior-full-stack-software-engineer-tucows
Web Developer,EyeSeeTea ,https://remoteok.com/remote-jobs/105530-remote-web-developer-eyeseetea
Lead Developer Support,Tucows ,https://remoteok.com/remote-jobs/105502-remote-lead-developer-support-tucows
Engineer Test,Tucows ,https://remoteok.com/remote-jobs/105501-remote-engineer-test-tucows
Software Engineer Team Lead,Tucows ,https://remoteok.com/remote-jobs/105499-remote-software-engineer-team-lead-tucows
Backend Engineer,Tidepool ,https://remoteok.com/remote-jobs/105475-remote-backend-engineer-tidepool
Data Engineer,SafetyWing ,https://remoteok.com/remote-jobs/105468-remote-data-engineer-safetywing
Software Engineer Backend,Settle ,https://remoteok.com/remote-jobs/105448-remote-software-engineer-backend-settle
Senior Front End Engineer,crate.io ,https://remoteok.com/remote-jobs/105427-remote-senior-frontend-engineer-crate-io
Senior Full Stack Developer Django VUE. JS 100,Accruvia ,https://remoteok.com/remote-jobs/105416-remote-senior-full-stack-developer-django-vue-js-100-accruvia
Technical Support Engineer — GPU Cloud,Lambda ,https://remoteok.com/remote-jobs/105348-remote-technical-support-engineer-gpu-cloud-lambda
Team Lead Cloud Infrastructure Engineering,Pitch ,https://remoteok.com/remote-jobs/105316-remote-team-lead-cloud-infrastructure-engineering-pitch
Senior Back End Software Engineer,Tucows ,https://remoteok.com/remote-jobs/105310-remote-senior-back-end-software-engineer-tucows
Senior Full Stack Engineer,PickyStory ,https://remoteok.com/remote-jobs/105306-remote-senior-full-stack-engineer-pickystory
Senior Software Engineer,Shorthand ,https://remoteok.com/remote-jobs/105296-remote-senior-software-engineer-shorthand
Interview Engineer,Karat ,https://remoteok.com/remote-jobs/105293-remote-interview-engineer-karat
Software Engineer,Argyle ,https://remoteok.com/remote-jobs/105285-remote-software-engineer-argyle
Infrastructure Engineer,Ghost ,https://remoteok.com/remote-jobs/105262-remote-infrastructure-engineer-ghost
Software Engineer Full Stack,AlphaSights ,https://remoteok.com/remote-jobs/105257-remote-software-engineer-full-stack-alphasights
Software Engineer Front End Focus,AlphaSights ,https://remoteok.com/remote-jobs/105256-remote-software-engineer-front-end-focus-alphasights
Software Engineer Back End Focus,AlphaSights ,https://remoteok.com/remote-jobs/105255-remote-software-engineer-back-end-focus-alphasights
Senior Software Engineer Front End Focus,AlphaSights ,https://remoteok.com/remote-jobs/105254-remote-senior-software-engineer-front-end-focus-alphasights
Senior Software Engineer Back End Focus,AlphaSights ,https://remoteok.com/remote-jobs/105253-remote-senior-software-engineer-back-end-focus-alphasights
Tech Lead,CitizenLab ,https://remoteok.com/remote-jobs/105226-remote-tech-lead-citizenlab
Engineering Manager,AlphaSights ,https://remoteok.com/remote-jobs/105186-remote-engineering-manager-alphasights
Backend Software Engineer,Argyle [PyJobs] ,https://remoteok.com/remote-jobs/105124-remote-backend-software-engineer-argyle-pyjobs
Product Manager Americas,Close ,https://remoteok.com/remote-jobs/105113-remote-product-manager-americas-close
Senior Backend Python Developer,FeedStock ,https://remoteok.com/remote-jobs/105112-remote-senior-backend-python-developer-feedstock
Senior Software Developer,crate.io ,https://remoteok.com/remote-jobs/105109-remote-senior-software-developer-crate-io
Senior Backend Software Engineer Python,crate.io ,https://remoteok.com/remote-jobs/105108-remote-senior-backend-software-engineer-python-crate-io
Software Engineer,Metrika Inc. ,https://remoteok.com/remote-jobs/105107-remote-software-engineer-metrika-inc
Infrastructure Engineer,AlphaSights ,https://remoteok.com/remote-jobs/105091-remote-infrastructure-engineer-alphasights
Full Stack Engineer,AlphaSights ,https://remoteok.com/remote-jobs/105090-remote-full-stack-engineer-alphasights
Senior Software Engineer,"Fugue, Inc ",https://remoteok.com/remote-jobs/105085-remote-senior-software-engineer-fugue-inc
Senior Python Engineer,Clevertech ,https://remoteok.com/remote-jobs/104882-remote-senior-python-engineer-clevertech
Senior Backend Engineer,Remotesome ,https://remoteok.com/remote-jobs/104880-remote-senior-backend-engineer-remotesome
Senior Backend Engineer,pganalyze ,https://remoteok.com/remote-jobs/104860-remote-senior-backend-engineer-pganalyze
Senior Backend Engineer,Remotesome ,https://remoteok.com/remote-jobs/104846-remote-senior-backend-engineer-remotesome
Principal Applied Scientist,Carted ,https://remoteok.com/remote-jobs/104842-remote-principal-applied-scientist-carted
Senior Front End Developer,Fable ,https://remoteok.com/remote-jobs/104775-remote-senior-front-end-developer-fable
Senior Database Engineer,Clevertech ,https://remoteok.com/remote-jobs/104748-remote-senior-database-engineer-clevertech
Lead Backend Developer,Remotesome ,https://remoteok.com/remote-jobs/104744-remote-lead-backend-developer-remotesome
Full Stack Developer,Pacific Consulting Group ,https://remoteok.com/remote-jobs/104709-remote-full-stack-developer-pacific-consulting-group
DevOps Engineer,CLEAR - Corporate ,https://remoteok.com/remote-jobs/110556-remote-devops-engineer-clear-corporate
Cloud Database Engineer L2,Splash Financial ,https://remoteok.com/remote-jobs/110435-remote-cloud-database-engineer-l2-splash-financial
Software Engineer Privacy,HealthVerity ,https://remoteok.com/remote-jobs/110413-remote-software-engineer-privacy-healthverity
Software Engineer Data Transmission,HealthVerity ,https://remoteok.com/remote-jobs/110412-remote-software-engineer-data-transmission-healthverity
Front End Engineer,Phylum ,https://remoteok.com/remote-jobs/110386-remote-frontend-engineer-phylum
Senior Software Engineer,Phylum ,https://remoteok.com/remote-jobs/110385-remote-senior-software-engineer-phylum
Staff Software Engineer,Nylas ,https://remoteok.com/remote-jobs/110371-remote-staff-software-engineer-nylas
Software Engineer,Waabi Innovation Inc. ,https://remoteok.com/remote-jobs/110365-remote-software-engineer-waabi-innovation-inc
Software Engineer Autonomy Tools,Waabi Innovation Inc. ,https://remoteok.com/remote-jobs/110364-remote-software-engineer-autonomy-tools-waabi-innovation-inc
Senior Software Engineer Mapping,Waabi Innovation Inc. ,https://remoteok.com/remote-jobs/110363-remote-senior-software-engineer-mapping-waabi-innovation-inc
Software Engineer Simulation,Waabi Innovation Inc. ,https://remoteok.com/remote-jobs/110362-remote-software-engineer-simulation-waabi-innovation-inc
Senior DevOps Engineer,DrChrono ,https://remoteok.com/remote-jobs/110195-remote-senior-devops-engineer-drchrono
Quality Assurance Analyst I,Milk Moovement ,https://remoteok.com/remote-jobs/110180-remote-qa-analyst-i-milk-moovement
Site Reliability Engineer,Tickitto AI Ltd ,https://remoteok.com/remote-jobs/110153-remote-site-reliability-engineer-tickitto-ai-ltd
Front End Web Developer Partially for Texas Residents,SpectrumAM ,https://remoteok.com/remote-jobs/110102-remote-front-end-web-developer-partially-for-texas-residents-spectrumam
Senior Privacy Engineer,GoFundMe ,https://remoteok.com/remote-jobs/110035-remote-senior-privacy-engineer-gofundme
Security Engineer,Outschool ,https://remoteok.com/remote-jobs/109990-remote-security-engineer-outschool
Cloud Support Engineer,Zadara ,https://remoteok.com/remote-jobs/109932-remote-cloud-support-engineer-zadara
Senior Developer Experience Engineer,Stuart ,https://remoteok.com/remote-jobs/109924-remote-senior-developer-experience-engineer-stuart
Full Stack Engineer,Roboflow ,https://remoteok.com/remote-jobs/109808-remote-full-stack-engineer-roboflow
Data Analytics Engineer,HealthVerity ,https://remoteok.com/remote-jobs/109806-remote-data-analytics-engineer-healthverity
Technical Product Manager,Mythical Games ,https://remoteok.com/remote-jobs/109781-remote-technical-product-manager-mythical-games
Senior Software Developer Engineer Test,WithMe Health ,https://remoteok.com/remote-jobs/109724-remote-senior-software-developer-engineer-test-withme-health
Senior Python Engineer,Paubox ,https://remoteok.com/remote-jobs/109716-remote-senior-python-engineer-paubox
Senior Software Engineer,"Yard Stick, PBC ",https://remoteok.com/remote-jobs/109698-remote-senior-software-engineer-yard-stick-pbc
DevOps Security Engineer,TigerConnect ,https://remoteok.com/remote-jobs/109602-remote-devops-security-engineer-tigerconnect
Tier 3 Escalation Engineer,Smartsheet ,https://remoteok.com/remote-jobs/109587-remote-tier-3-escalation-engineer-smartsheet
Senior Backend Engineer Contract,Primer ,https://remoteok.com/remote-jobs/109561-remote-senior-backend-engineer-contract-primer
Lead Data Scientist,Nielsen ,https://remoteok.com/remote-jobs/109513-remote-lead-data-scientist-nielsen
Software Engineer Backend,Aquarium ,https://remoteok.com/remote-jobs/109484-remote-software-engineer-backend-aquarium
Software Engineer Full Stack,Aquarium ,https://remoteok.com/remote-jobs/109483-remote-software-engineer-full-stack-aquarium
Software Engineer Infrastructure,Aquarium ,https://remoteok.com/remote-jobs/109482-remote-software-engineer-infrastructure-aquarium
Network Engineer,"Vox Media, LLC ",https://remoteok.com/remote-jobs/109475-remote-network-engineer-vox-media-llc
Software Engineer III Full Stack with Back End,Ad Hoc Company Website ,https://remoteok.com/remote-jobs/109440-remote-software-engineer-iii-full-stack-with-back-end-ad-hoc-company-website
Senior Devsecops Engineer,TigerConnect ,https://remoteok.com/remote-jobs/109400-remote-senior-devsecops-engineer-tigerconnect
E01 Python Developer,TalentWerx ,https://remoteok.com/remote-jobs/109395-remote-e01-python-developer-talentwerx
DevOps Engineer,HealthVerity ,https://remoteok.com/remote-jobs/109299-remote-devops-engineer-healthverity
Product Owner Analytics,flaconi ,https://remoteok.com/remote-jobs/109251-remote-product-owner-analytics-flaconi
Quality Assurance Engineer Python,flaconi ,https://remoteok.com/remote-jobs/109250-remote-qa-engineer-python-flaconi
Android Software Engineer,Contentsquare ,https://remoteok.com/remote-jobs/109245-remote-android-software-engineer-contentsquare
iOS Software Engineer,Contentsquare ,https://remoteok.com/remote-jobs/109244-remote-ios-software-engineer-contentsquare
Software Engineer II,Industry Dive ,https://remoteok.com/remote-jobs/109243-remote-software-engineer-ii-industry-dive
Machine Learning Engineer,Generally Intelligent ,https://remoteok.com/remote-jobs/109238-remote-machine-learning-engineer-generally-intelligent
Front End Engineer,Ntropy Network Inc ,https://remoteok.com/remote-jobs/109234-remote-frontend-engineer-ntropy-network-inc
Sales Engineer,Ntropy Network Inc ,https://remoteok.com/remote-jobs/109232-remote-sales-engineer-ntropy-network-inc
Cloud Engineer,Bold Penguin ,https://remoteok.com/remote-jobs/109213-remote-cloud-engineer-bold-penguin
Senior Front End Engineer React,Bold Penguin ,https://remoteok.com/remote-jobs/109212-remote-senior-front-end-engineer-react-bold-penguin
Senior Software Engineer Python,Bold Penguin ,https://remoteok.com/remote-jobs/109211-remote-senior-software-engineer-python-bold-penguin
Staff SRE Observability Expert,RapidAPI ,https://remoteok.com/remote-jobs/109199-remote-staff-sre-observability-expert-rapidapi
Senior Data Scientist Economy Analytics,Reddit ,https://remoteok.com/remote-jobs/109190-remote-senior-data-scientist-economy-analytics-reddit
Engineering Manager iOS Platform,Reddit ,https://remoteok.com/remote-jobs/109189-remote-engineering-manager-ios-platform-reddit
Senior Data Scientist Ads Marketplace Analytics,Reddit ,https://remoteok.com/remote-jobs/109099-remote-senior-data-scientist-ads-marketplace-analytics-reddit
Software Engineer Java,SCHUFA Holding AG ,https://remoteok.com/remote-jobs/109090-remote-software-engineer-java-schufa-holding-ag
Senior Backend Developer,Octopus Energy ,https://remoteok.com/remote-jobs/109089-remote-senior-backend-developer-octopus-energy
Learning Assistant Cybersecurity Program,Trilogy Education ,https://remoteok.com/remote-jobs/109088-remote-learning-assistant-cybersecurity-program-trilogy-education
Staff Data Scientist Decisions Product,Lyft ,https://remoteok.com/remote-jobs/109085-remote-staff-data-scientist-decisions-product-lyft
Engineering Manager Payments,Stellar Health ,https://remoteok.com/remote-jobs/109077-remote-engineering-manager-payments-stellar-health
Full Stack Engineer,Night Market ,https://remoteok.com/remote-jobs/109066-remote-full-stack-engineer-night-market
Corporate Security Engineer,Reddit ,https://remoteok.com/remote-jobs/109050-remote-corporate-security-engineer-reddit
Cloud Engineer,Sidero ,https://remoteok.com/remote-jobs/109030-remote-cloud-engineer-sidero
Backend Engineer Ads Planning & Opportunity,Reddit ,https://remoteok.com/remote-jobs/109019-remote-backend-engineer-ads-planning-opportunity-reddit
Full Stack Developer,News Revenue Hub ,https://remoteok.com/remote-jobs/109003-remote-full-stack-developer-news-revenue-hub
B2B Marketing Campaign Manager,Coiled ,https://remoteok.com/remote-jobs/108956-remote-b2b-marketing-campaign-manager-coiled
Product Support Engineer Amer Flexible Weekly Schedule,Telnyx ,https://remoteok.com/remote-jobs/108938-remote-product-support-engineer-amer-flexible-weekly-schedule-telnyx
Softwareentwickler,GoCaspi ,https://remoteok.com/remote-jobs/108896-remote-softwareentwickler-gocaspi
Front End Engineer,News Revenue Hub ,https://remoteok.com/remote-jobs/108825-remote-frontend-engineer-news-revenue-hub
Full Stack Engineer,Prelude ,https://remoteok.com/remote-jobs/108821-remote-full-stack-engineer-prelude
Infrastructure Engineer,Prelude ,https://remoteok.com/remote-jobs/108820-remote-infrastructure-engineer-prelude
Engineer IV Software Development,Verisign ,https://remoteok.com/remote-jobs/108806-remote-engineer-iv-software-development-verisign
Senior Cloud Security Engineer Heartland,GuidePoint Security ,https://remoteok.com/remote-jobs/108643-remote-senior-cloud-security-engineer-heartland-guidepoint-security
Chief Economist,Glassdoor ,https://remoteok.com/remote-jobs/108641-remote-chief-economist-glassdoor
Data Engineer,Bainbridge Health ,https://remoteok.com/remote-jobs/108609-remote-data-engineer-bainbridge-health
Solutions Engineer,Bainbridge Health ,https://remoteok.com/remote-jobs/108608-remote-solutions-engineer-bainbridge-health
Backend Engineer,- sustainable start-up ,https://remoteok.com/remote-jobs/108565-remote-backend-engineer-sustainable-start-up
Business Intelligence Intern,Foursquare ,https://remoteok.com/remote-jobs/108516-remote-business-intelligence-intern-foursquare
Senior Web Engineer Onsite from France,Airship ,https://remoteok.com/remote-jobs/108509-remote-senior-web-engineer-onsite-from-france-airship
Principal Engineer Octo,Vimeo ,https://remoteok.com/remote-jobs/108494-remote-principal-engineer-octo-vimeo
Software Engineer,Podsights ,https://remoteok.com/remote-jobs/108481-remote-software-engineer-podsights
Senior Project Manager Imaging,Chan Zuckerberg Initiative ,https://remoteok.com/remote-jobs/108401-remote-senior-project-manager-imaging-chan-zuckerberg-initiative
Experienced Backend Engineer,TheoremOne ,https://remoteok.com/remote-jobs/108395-remote-experienced-backend-engineer-theoremone
SEO Lead,Leaf Group ,https://remoteok.com/remote-jobs/108394-remote-seo-lead-leaf-group
Machine Learning Engineer,Ntropy Network Inc ,https://remoteok.com/remote-jobs/108368-remote-machine-learning-engineer-ntropy-network-inc
Principal Cloud Security Architect 100,Sprinklr ,https://remoteok.com/remote-jobs/108362-remote-principal-cloud-security-architect-100-sprinklr
Data Engineer,Stuart ,https://remoteok.com/remote-jobs/108356-remote-data-engineer-stuart
Principal Machine Learning Engineer,Stuart ,https://remoteok.com/remote-jobs/108355-remote-principal-machine-learning-engineer-stuart
Senior Software Engineer Back End,Ad Hoc Team ,https://remoteok.com/remote-jobs/108232-remote-senior-software-engineer-back-end-ad-hoc-team
Machine Learning Engineer,Milk Moovement ,https://remoteok.com/remote-jobs/108205-remote-machine-learning-engineer-milk-moovement
Senior Software Engineer,Coins.ph ,https://remoteok.com/remote-jobs/108200-remote-senior-software-engineer-coins-ph
Growth Manager,Ramp ,https://remoteok.com/remote-jobs/108188-remote-growth-manager-ramp
Instructor Data Science,The Flatiron School ,https://remoteok.com/remote-jobs/108131-remote-instructor-data-science-the-flatiron-school
Full Stack Engineer Python JavaScript,Gorgias ,https://remoteok.com/remote-jobs/108102-remote-full-stack-engineer-python-javascript-gorgias
Senior Infrastructure Engineer,Layer ,https://remoteok.com/remote-jobs/108075-remote-senior-infrastructure-engineer-layer
Cloud Solution Architect,Taos ,https://remoteok.com/remote-jobs/108068-remote-cloud-solution-architect-taos
Senior Software Engineer Java Boston,Cogito ,https://remoteok.com/remote-jobs/108044-remote-senior-software-engineer-java-boston-cogito
Staff Software Engineer,BillionToOne ,https://remoteok.com/remote-jobs/107922-remote-staff-software-engineer-billiontoone
Python And React Typescript Developers,OpenUnited ,https://remoteok.com/remote-jobs/107876-remote-python-and-react-typescript-developers-openunited
Application Security Engineer,Guild Education ,https://remoteok.com/remote-jobs/107839-remote-application-security-engineer-guild-education
Senior Cloud Developer,MavTek ,https://remoteok.com/remote-jobs/107837-remote-senior-cloud-developer-mavtek
Software Engineer Data,Pave.dev ,https://remoteok.com/remote-jobs/107802-remote-software-engineer-data-pave-dev
Senior Software Engineer,Tackle.io ,https://remoteok.com/remote-jobs/107738-remote-senior-software-engineer-tackle-io
Growth ML Engineer,Paperspace ,https://remoteok.com/remote-jobs/107724-remote-growth-ml-engineer-paperspace
Quality Assurance Engineer,HealthVerity ,https://remoteok.com/remote-jobs/107690-remote-qa-engineer-healthverity
Director of Software Engineering,Temporal Technologies Inc. ,https://remoteok.com/remote-jobs/107686-remote-director-of-software-engineering-temporal-technologies-inc
Senior Software Engineer,Beautylish ,https://remoteok.com/remote-jobs/107683-remote-senior-software-engineer-beautylish
Senior DevOps Engineer,Horizon Next ,https://remoteok.com/remote-jobs/107654-remote-senior-devops-engineer-horizon-next
Data Scientist Performance Media,Horizon Media Holdings ,https://remoteok.com/remote-jobs/107653-remote-data-scientist-performance-media-horizon-media-holdings
Full Stack Software Engineer Marketplace,Indigo ,https://remoteok.com/remote-jobs/107619-remote-full-stack-software-engineer-marketplace-indigo
Senior Software Quality Assurance Engineer Quality Assurance Lead,Sony Interactive Entertainment PlayStation ,https://remoteok.com/remote-jobs/107592-remote-senior-software-qa-engineer-qa-lead-sony-interactive-entertainment-playstation
Senior Software Engineer Data Exchange,Symend ,https://remoteok.com/remote-jobs/107570-remote-senior-software-engineer-data-exchange-symend
Principal Security Engineer,RECUR ,https://remoteok.com/remote-jobs/107569-remote-principal-security-engineer-recur
Engineering Productivity Devop,Enfabrica ,https://remoteok.com/remote-jobs/107545-remote-engineering-productivity-devop-enfabrica
Python Web Application Developer,Cipher Tech Solutions ,https://remoteok.com/remote-jobs/107537-remote-python-web-application-developer-cipher-tech-solutions
Data Science Manager Marketing,Cameo ,https://remoteok.com/remote-jobs/107523-remote-data-science-manager-marketing-cameo
Backend Engineer,Secfi ,https://remoteok.com/remote-jobs/107517-remote-backend-engineer-secfi
Software Engineer,FieldRoutes ,https://remoteok.com/remote-jobs/107503-remote-software-engineer-fieldroutes
Full Stack Software Engineer,Clarity Innovations ,https://remoteok.com/remote-jobs/107489-remote-full-stack-software-engineer-clarity-innovations
Senior Engineer Quality Assurance JR 212015,ICE Mortgage Technology ,https://remoteok.com/remote-jobs/107485-remote-senior-engineer-qa-jr-212015-ice-mortgage-technology
Senior Software Engineer Infrastructure,Skilljar ,https://remoteok.com/remote-jobs/107405-remote-senior-software-engineer-infrastructure-skilljar
Research Scientist Computer Vision,Dataminr ,https://remoteok.com/remote-jobs/107404-remote-research-scientist-computer-vision-dataminr
Senior Product Data Analyst,Okcoin ,https://remoteok.com/remote-jobs/107377-remote-senior-product-data-analyst-okcoin
Senior Computational Neuroscientist Data Scientist,Inscopix Inc ,https://remoteok.com/remote-jobs/107372-remote-senior-computational-neuroscientist-data-scientist-inscopix-inc
Senior Software Engineer,Rupa Health ,https://remoteok.com/remote-jobs/107349-remote-senior-software-engineer-rupa-health
Analytics Engineer,Rupa Health ,https://remoteok.com/remote-jobs/107348-remote-analytics-engineer-rupa-health
Data Scientist,Ntropy Network Inc ,https://remoteok.com/remote-jobs/107326-remote-data-scientist-ntropy-network-inc
Data Engineer,Aclima ,https://remoteok.com/remote-jobs/107304-remote-data-engineer-aclima
Senior Devsecops Engineer,MUFG ,https://remoteok.com/remote-jobs/107297-remote-senior-devsecops-engineer-mufg
Data Engineer,AudioValley ,https://remoteok.com/remote-jobs/107286-remote-data-engineer-audiovalley
Senior Data Engineer,BrainPOP ,https://remoteok.com/remote-jobs/107278-remote-senior-data-engineer-brainpop
Data Quality Assurance Engineer Network,Techstars ,https://remoteok.com/remote-jobs/107239-remote-data-qa-engineer-network-techstars
Lead Quality Engineer Automation,Xero ,https://remoteok.com/remote-jobs/107218-remote-lead-quality-engineer-automation-xero
Senior Python Developer,n.exchange ,https://remoteok.com/remote-jobs/107185-remote-senior-python-developer-n-exchange
Data Engineer Explorer & Data Products,Blockchain.com ,https://remoteok.com/remote-jobs/107181-remote-data-engineer-explorer-data-products-blockchain-com
Business Intelligence Manager,8x8 ,https://remoteok.com/remote-jobs/107179-remote-business-intelligence-manager-8x8
Data Scientist Natural Language Processing,Pngme ,https://remoteok.com/remote-jobs/107169-remote-data-scientist-natural-language-processing-pngme
Data Scientist Machine Learning,Pngme ,https://remoteok.com/remote-jobs/107168-remote-data-scientist-machine-learning-pngme
Customer Success Engineer,ThreatWarrior ,https://remoteok.com/remote-jobs/107163-remote-customer-success-engineer-threatwarrior
Data Scientist Team Lead,infarm ,https://remoteok.com/remote-jobs/107126-remote-data-scientist-team-lead-infarm
Senior Software Engineer,Fair HQ ,https://remoteok.com/remote-jobs/107104-remote-senior-software-engineer-fair-hq
Sr Security Engineer,Tally ,https://remoteok.com/remote-jobs/107082-remote-sr-security-engineer-tally
Data Scientist Fulfilment Hamburg,FREE NOW ,https://remoteok.com/remote-jobs/107079-remote-data-scientist-fulfilment-hamburg-free-now
Web Application Software Architect,Aledade ,https://remoteok.com/remote-jobs/107026-remote-web-application-software-architect-aledade
Engineering Manager,BrightHire ,https://remoteok.com/remote-jobs/107024-remote-engineering-manager-brighthire
Technical Support Engineer,Automox ,https://remoteok.com/remote-jobs/107021-remote-technical-support-engineer-automox
Engineering Manager — Data Platform,Automox ,https://remoteok.com/remote-jobs/107020-remote-engineering-manager-data-platform-automox
Software Engineer Test Python,Automox ,https://remoteok.com/remote-jobs/107019-remote-software-engineer-test-python-automox
Lead C# Developer,CrunchTime ,https://remoteok.com/remote-jobs/107007-remote-lead-c-developer-crunchtime
Senior Fullstack Engineer,ENPICOM BV ,https://remoteok.com/remote-jobs/106996-remote-senior-fullstack-engineer-enpicom-bv
Python Entwickler*in,Ambient ,https://remoteok.com/remote-jobs/106941-remote-python-entwicklerin-ambient
Senior Software Engineer,tastyworks ,https://remoteok.com/remote-jobs/106930-remote-senior-software-engineer-tastyworks
Full Stack Developer,Quaychain Technologies ,https://remoteok.com/remote-jobs/106920-remote-full-stack-developer-quaychain-technologies
Senior Data Scientist Reddit Talk,Reddit ,https://remoteok.com/remote-jobs/106911-remote-senior-data-scientist-reddit-talk-reddit
Solutions Architect,Flashpoint ,https://remoteok.com/remote-jobs/106881-remote-solutions-architect-flashpoint
Software Engineer Python,Engooden Health ,https://remoteok.com/remote-jobs/106835-remote-software-engineer-python-engooden-health
Application Security Engineer,BlackSky ,https://remoteok.com/remote-jobs/106826-remote-application-security-engineer-blacksky
Software Engineer Front End,Browze ,https://remoteok.com/remote-jobs/106784-remote-software-engineer-frontend-browze
Senior Software Engineer,RStudio ,https://remoteok.com/remote-jobs/106706-remote-senior-software-engineer-rstudio
DevOps Engineer,tarent solutions ,https://remoteok.com/remote-jobs/106683-remote-devops-engineer-tarent-solutions
Elixir Developer Willing Revolutionalize The Finance Sector Through Apis,Isabel Group ,https://remoteok.com/remote-jobs/106679-remote-elixir-developer-willing-revolutionalize-the-finance-sector-through-apis-isabel-group
Software Developer C C++ Go,Acronis ,https://remoteok.com/remote-jobs/106674-remote-software-developer-c-c-go-acronis
Principal Software Engineer,IHS Markit - Project Ultra Violet ,https://remoteok.com/remote-jobs/106637-remote-principal-software-engineer-ihs-markit-project-ultra-violet
Senior Backend Engineer Content,Oura Health Oy ,https://remoteok.com/remote-jobs/106635-remote-senior-backend-engineer-content-oura-health-oy
Business Development Representative,Taos ,https://remoteok.com/remote-jobs/106525-remote-business-development-representative-taos
Software Engineer Content Platform,Invitae ,https://remoteok.com/remote-jobs/106515-remote-software-engineer-content-platform-invitae
DevOps Engineer,Storable ,https://remoteok.com/remote-jobs/106510-remote-devops-engineer-storable
Systems Architect,Critigen ,https://remoteok.com/remote-jobs/106487-remote-systems-architect-critigen
Quality Analyst,Appnovation Technologies ,https://remoteok.com/remote-jobs/106483-remote-quality-analyst-appnovation-technologies
DevOps,MonoLets ,https://remoteok.com/remote-jobs/106434-remote-devops-monolets
DevOps Engineer,Smart Steel Technologies ,https://remoteok.com/remote-jobs/106407-remote-devops-engineer-smart-steel-technologies
Software Engineer,Electriphi ,https://remoteok.com/remote-jobs/106402-remote-software-engineer-electriphi
Cloud Automation Engineer,tribe29 ,https://remoteok.com/remote-jobs/106307-remote-cloud-automation-engineer-tribe29
Product Manager Imaging,Chan Zuckerberg Initiative ,https://remoteok.com/remote-jobs/106304-remote-product-manager-imaging-chan-zuckerberg-initiative
Solutions Architect Senior Consultant DevOps,Copado Strategic Services ,https://remoteok.com/remote-jobs/106301-remote-solutions-architect-senior-consultant-devops-copado-strategic-services
Fullstack Developer,PandaScore ,https://remoteok.com/remote-jobs/106279-remote-fullstack-developer-pandascore
Lead Front End Engineer,Virtuoso ,https://remoteok.com/remote-jobs/106278-remote-lead-front-end-engineer-virtuoso
Fully Mid Level Staff Software Engineer,Platform9 ,https://remoteok.com/remote-jobs/106275-remote-fully-mid-level-staff-software-engineer-platform9
Senior Python Engineer Backend,AssemblyAI ,https://remoteok.com/remote-jobs/106253-remote-senior-python-engineer-backend-assemblyai
Software Developer Front End,solute ,https://remoteok.com/remote-jobs/106252-remote-software-developer-frontend-solute
Python Back End Engineer,Loadsmart ,https://remoteok.com/remote-jobs/106209-remote-python-back-end-engineer-loadsmart
Senior Software Engineer,Plantix ,https://remoteok.com/remote-jobs/106245-remote-senior-software-engineer-plantix
Integration Engineer Avaneer Health Integration,ConsenSys Health ,https://remoteok.com/remote-jobs/106161-remote-integration-engineer-avaneer-health-integration-consensys-health
Senior Software Engineer,Ordermark ,https://remoteok.com/remote-jobs/106125-remote-senior-software-engineer-ordermark
GCP Cloud Architect Canada,Taos ,https://remoteok.com/remote-jobs/106121-remote-gcp-cloud-architect-canada-taos
Senior Back End Engineer,Onfido ,https://remoteok.com/remote-jobs/106014-remote-senior-back-end-engineer-onfido
Service Engineer,SocialChorus ,https://remoteok.com/remote-jobs/105998-remote-service-engineer-socialchorus
Senior Backend Engineer,Tessian ,https://remoteok.com/remote-jobs/105885-remote-senior-backend-engineer-tessian
Software Backend Engineer,Clari ,https://remoteok.com/remote-jobs/105881-remote-software-backend-engineer-clari
Staff Software Engineer Pricing,Root ,https://remoteok.com/remote-jobs/105879-remote-staff-software-engineer-pricing-root
Data Operations Manager,Scribd ,https://remoteok.com/remote-jobs/105765-remote-data-operations-manager-scribd
Search Engineer Technical Support,Lucidworks ,https://remoteok.com/remote-jobs/105745-remote-search-engineer-technical-support-lucidworks
Full Stack Engineer,Loadsmart ,https://remoteok.com/remote-jobs/105744-remote-full-stack-engineer-loadsmart
Data Scientist,Everbridge ,https://remoteok.com/remote-jobs/105737-remote-data-scientist-everbridge
Software Engineers,Ambassador Labs ,https://remoteok.com/remote-jobs/105635-remote-software-engineers-ambassador-labs
DevOps Engineer,Ambassador Labs ,https://remoteok.com/remote-jobs/105634-remote-devops-engineer-ambassador-labs
Software Engineer Geospatial Applications Team,Azavea ,https://remoteok.com/remote-jobs/105596-remote-software-engineer-geospatial-applications-team-azavea
Senior Site Reliability Engineer,Nylas ,https://remoteok.com/remote-jobs/105558-remote-senior-site-reliability-engineer-nylas
Senior Software Engineer Relocate Canada,Wave HQ ,https://remoteok.com/remote-jobs/105549-remote-senior-software-engineer-relocate-canada-wave-hq
Senior Backend Engineer,Layer ,https://remoteok.com/remote-jobs/105539-remote-senior-backend-engineer-layer
Engineering Manager,Layer ,https://remoteok.com/remote-jobs/105538-remote-engineering-manager-layer
Senior Front End Engineer,Layer ,https://remoteok.com/remote-jobs/105537-remote-senior-frontend-engineer-layer
Senior Lead Product Designer,Layer ,https://remoteok.com/remote-jobs/105536-remote-senior-lead-product-designer-layer
Backend Engineer,Prolegis ,https://remoteok.com/remote-jobs/105496-remote-backend-engineer-prolegis
Data Scientist,Oakam ,https://remoteok.com/remote-jobs/105478-remote-data-scientist-oakam
Staff Software Engineer,Thistle ,https://remoteok.com/remote-jobs/105412-remote-staff-software-engineer-thistle
Senior Software Engineer,Thistle ,https://remoteok.com/remote-jobs/105411-remote-senior-software-engineer-thistle
Senior Software Engineer Core Team,Lucid ,https://remoteok.com/remote-jobs/105273-remote-senior-software-engineer-core-team-lucid
Senior Software Engineer Full Stack # Work,Aledade ,https://remoteok.com/remote-jobs/105209-remote-senior-software-engineer-full-stack-aledade
Software Architect # Work,Aledade ,https://remoteok.com/remote-jobs/105208-remote-software-architect-aledade
Software Engineer Full Stack Permanent US # Work,Aledade ,https://remoteok.com/remote-jobs/105207-remote-software-engineer-full-stack-permanent-us-aledade
Software Engineering Manager # Work,Aledade ,https://remoteok.com/remote-jobs/105206-remote-software-engineering-manager-aledade
Technical Lead Software Engineer Backend Permanent U.S # Work,Aledade ,https://remoteok.com/remote-jobs/105205-remote-technical-lead-software-engineer-backend-permanent-u-s-aledade
Machine Learning Engineer # Work,Paperspace ,https://remoteok.com/remote-jobs/105200-remote-machine-learning-engineer-paperspace
Sales Engineer # Work,Paperspace ,https://remoteok.com/remote-jobs/105199-remote-sales-engineer-paperspace
Staff Software Engineer Cloud Platform # Work,Paperspace ,https://remoteok.com/remote-jobs/105196-remote-staff-software-engineer-cloud-platform-paperspace
Senior Data Scientist,MomentRanks ,https://remoteok.com/remote-jobs/105171-remote-senior-data-scientist-momentranks
Backend Engineer,Ntropy Network Inc ,https://remoteok.com/remote-jobs/105148-remote-backend-engineer-ntropy-network-inc
Quality Assurance Engineer Platform,Cmd ,https://remoteok.com/remote-jobs/105145-remote-qa-engineer-platform-cmd
Staff Principal Full Stack Engineer,BrightHire ,https://remoteok.com/remote-jobs/105075-remote-staff-principal-full-stack-engineer-brighthire
Senior Full Stack Engineer,BrightHire ,https://remoteok.com/remote-jobs/105074-remote-senior-full-stack-engineer-brighthire
Software Engineer Platform Backend,Stride Health ,https://remoteok.com/remote-jobs/105073-remote-software-engineer-platform-backend-stride-health
Senior Software Engineer Platform Backend,Stride Health ,https://remoteok.com/remote-jobs/105071-remote-senior-software-engineer-platform-backend-stride-health
Cloud Platform Engineer,Stride Health ,https://remoteok.com/remote-jobs/105070-remote-cloud-platform-engineer-stride-health
Senior Machine Learning Engineer,Scribd ,https://remoteok.com/remote-jobs/105064-remote-senior-machine-learning-engineer-scribd
Senior Backend Engineer Payments Platform,Scribd ,https://remoteok.com/remote-jobs/105063-remote-senior-backend-engineer-payments-platform-scribd
Senior Backend Engineer Connectivity,Nylas ,https://remoteok.com/remote-jobs/105060-remote-senior-backend-engineer-connectivity-nylas
Senior Backend Software Engineer,Curative ,https://remoteok.com/remote-jobs/105048-remote-senior-backend-software-engineer-curative
Backend Software Engineer,Curative ,https://remoteok.com/remote-jobs/105046-remote-backend-software-engineer-curative
Senior Full Stack Software Engineer,Petal ,https://remoteok.com/remote-jobs/105004-remote-senior-full-stack-software-engineer-petal
Software Engineer,Thistle ,https://remoteok.com/remote-jobs/104989-remote-software-engineer-thistle
Senior Security Engineer,Scribd ,https://remoteok.com/remote-jobs/104986-remote-senior-security-engineer-scribd
Senior Software Engineer,Tuned Systems ,https://remoteok.com/remote-jobs/104951-remote-senior-software-engineer-tuned-systems
Senior Data Engineer for Machine Learning,Pex ,https://remoteok.com/remote-jobs/104940-remote-senior-data-engineer-for-machine-learning-pex
Senior Full Stack Engineer,Divvy Homes ,https://remoteok.com/remote-jobs/104923-remote-senior-full-stack-engineer-divvy-homes
Senior Data Scientist,Divvy Homes ,https://remoteok.com/remote-jobs/104922-remote-senior-data-scientist-divvy-homes
Strategic Partner Manager,Gorgias ,https://remoteok.com/remote-jobs/104921-remote-strategic-partner-manager-gorgias
Senior Fullstack Engineer Python JavaScript,Gorgias ,https://remoteok.com/remote-jobs/104920-remote-senior-fullstack-engineer-python-js-gorgias
Python Back End Developer TNX Logistics 100,Transporeon ,https://remoteok.com/remote-jobs/104861-remote-python-back-end-developer-tnx-logistics-100-transporeon
Senior Developer,Care Solace ,https://remoteok.com/remote-jobs/104857-remote-senior-developer-care-solace
Data Engineer,Zero to One Search ,https://remoteok.com/remote-jobs/104854-remote-data-engineer-zero-to-one-search
Senior Software Engineer,Snap Raise ,https://remoteok.com/remote-jobs/104853-remote-senior-software-engineer-snap-raise
Software Engineer Reverse Engineering,Mono ,https://remoteok.com/remote-jobs/104848-remote-software-engineer-reverse-engineering-mono
Cleared Cloud Software Developer,Cloud Computing Technologies ,https://remoteok.com/remote-jobs/104833-remote-cleared-cloud-software-developer-cloud-computing-technologies
Backend Engineer,Tessian ,https://remoteok.com/remote-jobs/104814-remote-backend-engineer-tessian
Backend Engineering Manager,Tessian ,https://remoteok.com/remote-jobs/104812-remote-backend-engineering-manager-tessian
Engineering Director,Tessian ,https://remoteok.com/remote-jobs/104811-remote-engineering-director-tessian
Senior Iot Hardware Quality Assurance Engineer,Very ,https://remoteok.com/remote-jobs/104782-remote-senior-iot-hardware-qa-engineer-very
Software Developer,hmmh multimediahaus AG ,https://remoteok.com/remote-jobs/104765-remote-software-developer-hmmh-multimediahaus-ag
Software Engineer,Gro Intelligence ,https://remoteok.com/remote-jobs/104716-remote-software-engineer-gro-intelligence
Machine Learning Engineer,Sticker Mule ,https://remoteok.com/remote-jobs/104693-remote-machine-learning-engineer-sticker-mule
